{"objectID":"advanced_reusable_parsers.html","parent":"advanced_reusable_parsers.html","pageViews":0,"url":"writerside-documentation///advanced-reusable-parsers.html","mainTitle":"🔐 Advanced reusable parsers","product":"","headings":"🔐 Advanced reusable parsers","content":" You can interact with the command system at a low level by implementing the ArgumentParser class. public class PlayerDataParser extends ArgumentParser\u0026lt;PlayerData\u0026gt; { PlayerManager playerManager; public PlayerDataParser(PlayerManager playerManager) { this(playerManager, \u0026quot;playerData\u0026quot;, 0); } public PlayerDataParser(PlayerManager playerManager, String keyword) { this(playerManager, keyword, 0); } public PlayerDataParser(PlayerManager playerManager, int priority) { this(playerManager, \u0026quot;playerData\u0026quot;, priority); } public PlayerDataParser(PlayerManager playerManager, String keyword, int priority) { super(keyword, PlayerData.class, priority); this.playerManager \u003d playerManager; } @Override public Optional\u0026lt;ParseResult\u0026lt;PlayerData\u0026gt;\u0026gt; parse(CommandProcessingContext commandProcessingContext) { int index \u003d commandProcessingContext.index(); // index of the current argument to be processed List\u0026lt;String\u0026gt; args \u003d commandProcessingContext.args(); // in bukkit, this is usually seen as String[] args // return if no argument is provided to this parser if (index \u0026gt;\u003d args.size()) return Optional.empty(); // retrieve player data from memory PlayerData playerData \u003d playerManager.getPlayerData(args.get(index)); if (playerData \u003d\u003d null) return Optional.empty(); // if argument is not found, return empty return Optional.of(new ParseResult\u0026lt;\u0026gt;( playerData, // a non-null result index + 1 // the index of the next argument to be processed )); } @Override public OptionalInt tryParse(CommandProcessingContext commandProcessingContext) { // tryParse is used for implementing tab completions, this detects if this parser is suitable to handle request argument return parse(commandProcessingContext) .map(ParseResult::newIndex) .map(OptionalInt::of) .orElse(OptionalInt.empty()); } @Override public Optional\u0026lt;TabCompletionResult\u0026gt; tabCompletion(CommandProcessingContext commandProcessingContext) { int index \u003d commandProcessingContext.index(); List\u0026lt;String\u0026gt; args \u003d commandProcessingContext.args(); // return if no argument is provided to this parser if (index \u0026gt; args.size()) return Optional.empty(); if (index \u003d\u003d args.size()) // called if the player did not start writing the current argument return Optional.of(new TabCompletionResult( playerManager.getPlayerNames(), index + 1) ); else // called if player is in the middle of writing the current argument, so we have to look for matches return Optional.of(new TabCompletionResult( playerManager.getPlayerNames().stream() .filter(s -\u0026gt; s.toLowerCase().startsWith(args.get(index).toLowerCase())) .collect(Collectors.toSet()), index + 1) ); } } And now, we have to register the parser in the command system: SpigotCommandManager commandManager \u003d new SpigotCommandManager(this); // no parsers are included by default, so we need to add some of our own commandManager.registerArgumentTypeHandler(CommandManager.COMMON_PARSERS); commandManager.registerArgumentTypeHandler(SpigotCommandManager.SPIGOT_PARSERS); commandManager.registerArgumentTypeHandler(new PlayerDataParser(playerManager));","pageTitle":"🔐 Advanced reusable parsers","metaDescription":"","type":"Documentation","breadcrumbs":"💻 The command system","root":1,"depth":2}