{"objectID":"advanced_error_handling.html","parent":"advanced_error_handling.html","pageViews":0,"url":"writerside-documentation///advanced-error-handling.html","mainTitle":"🔬 Advanced error handling","product":"","headings":"🔬 Advanced error handling","content":" Error handling is done via parser priorities. As a best practice you should specify priority for fallback sub commands as negative integers. In the following example, there are 3 fallbacks: One with priority of -5, which is called if more than one param is executed One for non-players, if no argument is specified One for when a target is specified, but it is not found @Command(\u0026quot;ping\u0026quot;) public class PingCommand implements CommandNode { private String getColorPing(int ping) { if (ping \u0026lt;\u003d 20) return \u0026quot;§a\u0026quot; + ping; if (ping \u0026lt;\u003d 70) return \u0026quot;§2\u0026quot; + ping; if (ping \u0026lt;\u003d 150) return \u0026quot;§c\u0026quot; + ping; return \u0026quot;§4\u0026quot; + ping; } // player check ping for himself @SenderLimit(SenderType.PLAYER) // allow only players to run this sub command @SubCommand public void selfPingCheck(Player player) { player.sendMessage(\u0026quot;§eYour ping is \u0026quot; + getColorPing(player.getPing()) + \u0026quot;ms\u0026quot;); } // Non-players cannot check ping for themselves, must specify a player @SenderLimit(value \u003d SenderType.PLAYER, invert \u003d true) // allow anyone BUT player to run this sub command @SubCommand public void usages(CommandSender sender, CommandContext context) { sender.sendMessage(\u0026quot;§cUsage: /\u0026quot; + context.commandName() + \u0026quot; \u0026lt;player\u0026gt;\u0026quot;); } // this acts as fallback, priority -5 means that it will be called last if no other parser can parse the argument // this command will be called when more than one argument is provided because StringsParser is used @WithParser(value \u003d StringsParser.class, priority \u003d -5) @SubCommand(\u0026quot;\u0026lt;strings\u0026gt;\u0026quot;) public void usage(CommandSender sender, CommandContext context) { usages(sender, context); } // called when a player arg is provided @SubCommand(\u0026quot;\u0026lt;player\u0026gt;\u0026quot;) public void pingCheck(CommandSender sender, Player target) { sender.sendMessage(\u0026quot;§e\u0026quot; + target.getName() + \u0026quot; ping \u0026quot; + getColorPing(target.getPing()) + \u0026quot;ms\u0026quot;); } // called when a single argument is provided but player is not found @WithParser(value \u003d StringParser.class, priority \u003d -1) @SubCommand(\u0026quot;\u0026lt;ignore\u0026gt;\u0026quot;) public void pingCheckNotFound(CommandSender sender) { sender.sendMessage(\u0026quot;§cPlayer not found!\u0026quot;); } }","pageTitle":"🔬 Advanced error handling","metaDescription":"","type":"Documentation","breadcrumbs":"💻 The command system///📌 Examples","root":1,"depth":3}