{"objectID":"collections.html#weight-set","parent":"collections.html","pageViews":0,"url":"writerside-documentation///collections.html#weight-set","mainTitle":"📚 Collections","product":"","headings":"📚 Collections,Weight Set","content":"A set implementation that allows for weighted elements to be picked at random, according to their weight. WeightSet\u0026lt;String\u0026gt; set \u003d new WeightSet\u0026lt;\u0026gt;(); set.add(\u0026quot;apple\u0026quot;, 1); set.add(\u0026quot;orange\u0026quot;, 2); // the chance of getting an orange (2/3) is twice as high as getting an apple (1/3) set.pickOne();","pageTitle":"Weight Set","metaDescription":"","type":"Documentation","breadcrumbs":"","root":0,"depth":1}