{"objectID":"collections.html#immutable-byte-array-list","parent":"collections.html","pageViews":0,"url":"writerside-documentation///collections.html#immutable-byte-array-list","mainTitle":"📚 Collections","product":"","headings":"📚 Collections,Immutable byte array list","content":"Represents an ordered, immutable, efficient list for storing bytes. Can be useful for storing a wide variety of data, ranging from IP addresses to java class definitions. import net.apartium.cocoabeans.collect.ImmutableByteArrayList; // returns an empty instance of the list, identity is guaranteed to be the same across calls ImmutableByteArrayList.empty(); // transform an existing array into an immutable list ImmutableByteArrayList.of(1, 2, 3, 4, 5, 6, 7, 8, 9, 10); // transform a byte collection into an immutable byte array list List\u0026lt;Byte\u0026gt; list \u003d new ArrayList\u0026lt;\u0026gt;(); ImmutableByteArrayList.makeBetter(list);","pageTitle":"Immutable byte array list","metaDescription":"","type":"Documentation","breadcrumbs":"","root":0,"depth":1}