{"objectID":"collections.html#dummies","parent":"collections.html","pageViews":0,"url":"writerside-documentation///collections.html#dummies","mainTitle":"📚 Collections","product":"","headings":"📚 Collections,Dummies","content":"Dummy collections are collection implementations which silently discard any write operations done on them. They are useful for disabling or altering existing mechanics within 3rd party code, like NMS. import net.apartium.cocoabeans.collect.Dummies; Map\u0026lt;?, ?\u0026gt; dummyMap \u003d Dummies.dummyMap(); Set\u0026lt;?\u0026gt; dummySet \u003d Dummies.dummySet();","pageTitle":"Dummies","metaDescription":"","type":"Documentation","breadcrumbs":"","root":0,"depth":1}