{"objectID":"commands.html#a-simple-command","parent":"commands.html","pageViews":0,"url":"writerside-documentation///commands.html#a-simple-command","mainTitle":"💻 The command system","product":"","headings":"💻 The command system,A simple command","content":"This is how a relatively simple command looks like: @Permission(\u0026quot;example.admin.reboot\u0026quot;) // this is the permission for the root command @Command(\u0026quot;reboot\u0026quot;) // this is the label of the command, in minecraft \u0026lt;label\u0026gt; public class RebootCommand implements CommandNode { private final RebootManager rebootManager; public RebootCommand(RebootManager rebootManager) { this.rebootManager \u003d rebootManager; } @SubCommand // allow sub commands most be annotated with @SubCommand public void noArgsReboot(CommandSender sender) { // this variant will be called when no args are provided // ex /reboot sender.sendMessage(\u0026quot;30 seconds\u0026quot;); rebootManager.startReboot(30); } @SubCommand(\u0026quot;\u0026lt;int\u0026gt;\u0026quot;) public void rebootWithDelayArg(CommandSender sender, int seconds) { // this variant will be called when an integer argument is provided // ex /reboot 60 boolean stared \u003d rebootManager.startReboot(seconds); sender.sendMessage(stared ? \u0026quot;§aRestart has been started \u0026quot; + seconds + \u0026quot; seconds (yeah I\u0027m lazy do add parser)\u0026quot; : \u0026quot;§cThere is already reboot\u0026quot;); } @SubCommand(\u0026quot;cancel\u0026quot;) public void cancel(CommandSender sender) { // this command will be called \u0026quot;/reboot cancel\u0026quot; is executed boolean isCancelled \u003d rebootManager.cancel(); sender.sendMessage(isCancelled ? \u0026quot;§aReboot has been cancelled successful\u0026quot; : \u0026quot;§cThere is no reboot process that needed to be cancel\u0026quot;); } } This command defines 3 sub commands: arg-less command, to reboot in 30 seconds command with an integer argument, to reboot in a specified amount of seconds a command to cancel the reboot process","pageTitle":"A simple command","metaDescription":"","type":"Documentation","breadcrumbs":"","root":0,"depth":1}