{"objectID":"commands.html#registering-commands","parent":"commands.html","pageViews":0,"url":"writerside-documentation///commands.html#registering-commands","mainTitle":"💻 The command system","product":"","headings":"💻 The command system,Registering commands","content":"SpigotCommandManager commandManager \u003d new SpigotCommandManager(this); // no parsers are included by default, so we need to add some of our own commandManager.registerArgumentTypeHandler(CommandManager.COMMON_PARSERS); commandManager.registerArgumentTypeHandler(SpigotCommandManager.SPIGOT_PARSERS); commandManager.addCommand(new RebootCommand(rebootManager));","pageTitle":"Registering commands","metaDescription":"","type":"Documentation","breadcrumbs":"","root":0,"depth":1}