{"objectID":"home.html#including-in-your-project","parent":"home.html","pageViews":0,"url":"writerside-documentation///home.html#including-in-your-project","mainTitle":"🫘 Cocoa Beans","product":"","headings":"🫘 Cocoa Beans,Including in your project","content":"We support Gradle and Maven build scripts. The recommended approach to using Cocoa Beans is to include the library in your project\u0027s classpath, and install it as a separate plugin. Cocoa Beans is available as a plugin from Hangar. \u0026lt;repositories\u0026gt; \u0026lt;repository\u0026gt; \u0026lt;id\u0026gt;apartium-releases\u0026lt;/id\u0026gt; \u0026lt;url\u0026gt;https://mvn.apartiumservices.com/repository/apartium-releases\u0026lt;/url\u0026gt; \u0026lt;/repository\u0026gt; \u0026lt;/repositories\u0026gt; \u0026lt;dependencies\u0026gt; \u0026lt;dependency\u0026gt; \u0026lt;groupId\u0026gt;net.apartium.cocoa-beans\u0026lt;/groupId\u0026gt; \u0026lt;!-- You can also use \u0027spigot\u0027 instead to get the spigot utilities as well --\u0026gt; \u0026lt;artifactId\u0026gt;common\u0026lt;/artifactId\u0026gt; \u0026lt;version\u0026gt;[VERSION]\u0026lt;/version\u0026gt; \u0026lt;/dependency\u0026gt; \u0026lt;/dependencies\u0026gt; repositories { maven { name \u0027apartium-releases\u0027 url \u0027https://nexus.voigon.dev/repository/apartium-releases\u0027 } } dependencies { // You can also use \u0027spigot\u0027 instead to get the spigot utilities as well compileOnly \u0027net.apartium.cocoa-beans:common:[VERSION]\u0027 }","pageTitle":"Including in your project","metaDescription":"","type":"Documentation","breadcrumbs":"","root":0,"depth":1}