{"objectID":"home.html","parent":"home.html","pageViews":0,"url":"writerside-documentation///home.html","mainTitle":"🫘 Cocoa Beans","product":"","headings":"🫘 Cocoa Beans","content":" Welcome to the cocoa-beans wiki! Cocoa beans is a toolkit for you to take with you to every new project. Instead of copying and pasting utilities code between projects, merge them into cocoa beans and improve other developer\u0027s utilities, so you can save time and complexity managing code across multiple projects.","pageTitle":"🫘 Cocoa Beans","metaDescription":"","type":"Documentation","breadcrumbs":"","root":1,"depth":1}