{"objectID":"integer_arguments.html","parent":"integer_arguments.html","pageViews":0,"url":"writerside-documentation///integer-arguments.html","mainTitle":"🧮️ Integer arguments","product":"","headings":"🧮️ Integer arguments","content":" @Command(\u0026quot;amount\u0026quot;) public class AmountCommand implements CommandNode { // called if one param is provided, but it\u0027s not a number @WithParser(value \u003d DummyParser.class, priority \u003d -1) @SubCommand(\u0026quot;\u0026lt;ignore\u0026gt;\u0026quot;) public void invalidNumber(CommandSender sender) { sender.sendMessage(\u0026quot;§cInvalid number!\u0026quot;); } // called when a single numerical arg is provided @SubCommand(\u0026quot;\u0026lt;int\u0026gt;\u0026quot;) public void amount(CommandSender sender, int num) { if (num \u0026lt;\u003d 0) { sender.sendMessage(\u0026quot;§cNumber must be bigger than zero\u0026quot;); return; } int stacks \u003d num / 64; int remaining \u003d num % 64; StringBuilder sb \u003d new StringBuilder(); if (stacks !\u003d 0) sb.append(\u0026quot;§c\u0026quot;).append(stacks).append(\u0026quot; §estack\u0026quot;).append(stacks !\u003d 1 ? \u0026quot;s \u0026quot; : \u0026quot; \u0026quot;); if (remaining !\u003d 0) sb.append(\u0026quot;§c\u0026quot;).append(remaining).append(\u0026quot; \u0026quot;); sender.sendMessage(\u0026quot;§c\u0026quot; + num + \u0026quot; §eis \u0026quot; + sb.substring(0, sb.length() - 1)); } // called when more than one argument is provided @SubCommand @SubCommand(\u0026quot;\u0026lt;strings\u0026gt;\u0026quot;) public void usage(CommandSender sender, CommandContext context) { sender.sendMessage(\u0026quot;§cUsage: /\u0026quot; + context.commandName() + \u0026quot; \u0026lt;amount\u0026gt;\u0026quot;); } }","pageTitle":"🧮️ Integer arguments","metaDescription":"","type":"Documentation","breadcrumbs":"💻 The command system///📌 Examples","root":1,"depth":3}