{"objectID":"simple_custom_argument_types.html","parent":"simple_custom_argument_types.html","pageViews":0,"url":"writerside-documentation///simple-custom-argument-types.html","mainTitle":"📝 Simple custom argument types","product":"","headings":"📝 Simple custom argument types","content":" Cocoa beans provides a simple way of declaring custom argument types, however, the following method is not reusable across commands. If you want a reusable parser, head over to the Advanced reusable parsers section to see how a parser with similar functionality can be created. @Command(\u0026quot;lastseen\u0026quot;) public class LastSeenCommand implements CommandNode { private final PlayerManager playerManager; public LastSeenCommand(PlayerManager playerManager) { this.playerManager \u003d playerManager; } // this is the parser option, it can be used for tab completion as well as for parsing arguments @SourceParser(keyword \u003d \u0026quot;playerData\u0026quot;, clazz \u003d PlayerData.class) public Map\u0026lt;String, PlayerData\u0026gt; of() { return playerManager.getPlayerDataMap().values().stream() .map(playerData -\u0026gt; Map.entry(playerData.getUsername(), playerData)) .collect(Collectors.toMap(Map.Entry::getKey, Map.Entry::getValue)); } @SubCommand(\u0026quot;\u0026lt;playerData\u0026gt;\u0026quot;) public void lastSeen(CommandSender sender, PlayerData playerData) { if (playerData.getLastSeen() \u003d\u003d null) { sender.sendMessage(\u0026quot;§cPlayer hasn\u0027t have last seen\u0026quot;); return; } sender.sendMessage(\u0026quot;§7Last seen: \u0026quot; + playerData.getLastSeen()); } }","pageTitle":"📝 Simple custom argument types","metaDescription":"","type":"Documentation","breadcrumbs":"💻 The command system///📌 Examples","root":1,"depth":3}