{"entities":{"pages":{"🫘 Home":{"id":"🫘 Home","title":"🫘 Cocoa Beans","url":"home.html","level":0,"tabIndex":0},"Commands":{"id":"Commands","title":"💻 The command system","url":"commands.html","level":0,"pages":["Examples","Advanced-reusable-parsers"],"tabIndex":1},"Examples":{"id":"Examples","title":"📌 Examples","url":"examples.html","level":1,"parentId":"Commands","pages":["Advanced-error-handling","Integer-arguments","Simple-custom-argument-types"],"tabIndex":0},"Advanced-error-handling":{"id":"Advanced-error-handling","title":"🔬 Advanced error handling","url":"advanced-error-handling.html","level":2,"parentId":"Examples","tabIndex":0},"Integer-arguments":{"id":"Integer-arguments","title":"🧮️ Integer arguments","url":"integer-arguments.html","level":2,"parentId":"Examples","tabIndex":1},"Simple-custom-argument-types":{"id":"Simple-custom-argument-types","title":"📝 Simple custom argument types","url":"simple-custom-argument-types.html","level":2,"parentId":"Examples","tabIndex":2},"Advanced-reusable-parsers":{"id":"Advanced-reusable-parsers","title":"🔐 Advanced reusable parsers","url":"advanced-reusable-parsers.html","level":1,"parentId":"Commands","tabIndex":1},"Collections":{"id":"Collections","title":"📚 Collections","url":"collections.html","level":0,"tabIndex":2}}},"topLevelIds":["🫘 Home","Commands","Collections"]}